,Id,Fk_Geography,24h Initial Production per well,Approval Year,Asset Type,Asset,Basin,Capex Per Well,Climate Category,Climate Detail,Climate Group,Discovery Decade,Discovery Five Year,Discovery Year,EUR per well,Facility Category,Facility Group,Field Size Category,Field Size Group,Field Type Category,Field Type Detail,Gas Market,Hyperbolic factor b per well,Initial decline Di per well,Main Original Contract,On-Offshore,Operator Segment,Operator,Shale Plays,Start Up Five Year,Start-up Decade,Start-up Year,Sub Basin,Supply Segment Group,Water Depth Category ft,Water Depth Category,Water Depth Group ft,Water Depth Group,Fiscal Regime Group,Production Last Year,Project,Unconventional Category,Unconventional Detail,Unconventional Group
0,32555,27337,,1989,Field,"Kraka, DK",Central Graben,,Benign,"Full year humid, warm summer",Benign,1960,1965,1966,,Steel platform,Fixed,Resources 30-100 MMboe,Resources 30-300 MMboe,Oil field,Oil field (Gas-Oil-Ratio 20-40%),Europe continental,,,"Sole Concession of 1962, DK",Offshore,Major,TotalEnergies,Not shale play,1990,1990,1991,Central Graben,Offshore shelf,100-200 ft depth,25-50 meter depth,Shelf (to 400 ft),Shelf (to 125 meter),Royalty/Tax,2032,"Dan, DK",Conventional,Conventional,Conventional
1,32561,27337,,1978,Field,"Gorm, DK",Central Graben,,Benign,"Full year humid, warm summer",Benign,1970,1970,1971,,Steel platform,Fixed,Resources 300-1000 MMboe,Resources 300-1000 MMboe,Oil field,Oil field (Gas-Oil-Ratio 05-10%),Europe continental,,,"Sole Concession of 1962, DK",Offshore,Major,TotalEnergies,Not shale play,1980,1980,1981,Central Graben,Offshore shelf,100-200 ft depth,25-50 meter depth,Shelf (to 400 ft),Shelf (to 125 meter),Royalty/Tax,2031,"Gorm, DK",Conventional,Conventional,Conventional
2,32563,27314,,1994,Field,"Svend, DK",Central Graben,,Benign,"Full year humid, warm summer",Benign,1970,1975,1975,,Steel platform,Fixed,Resources 30-100 MMboe,Resources 30-300 MMboe,Oil field,Oil field (Gas-Oil-Ratio 10-20%),Europe continental,,,"Sole Concession of 1962, DK",Offshore,Major,TotalEnergies,Not shale play,1995,1990,1996,Central Graben,Offshore shelf,200-300 ft depth,50-75 meter depth,Shelf (to 400 ft),Shelf (to 125 meter),Royalty/Tax,2018,"Tyra, DK",Conventional,Conventional,Conventional
3,32584,27329,,1997,Field,"Lulita, DK",Central Graben,,Benign,"Full year humid, warm summer",Benign,1990,1990,1992,,Extended reach,Fixed,Resources 10-30 MMboe,Resources below 30 MMboe,Oil field,Oil field (Gas-Oil-Ratio 40-80%),Europe continental,,,"Sole Concession of 1962, DK",Offshore,Major,TotalEnergies,Not shale play,1995,1990,1998,Sogne,Offshore shelf,100-200 ft depth,50-75 meter depth,Shelf (to 400 ft),Shelf (to 125 meter),Royalty/Tax,2019,"Tyra, DK",Conventional,Conventional,Conventional
4,32585,27327,,2031,Field,"Rita (Rita-1X:5603/27-05), DK",Central Graben,,Benign,"Full year humid, warm summer",Benign,1990,1990,1993,,Steel platform,Fixed,Resources 0-1 MMboe,Resources below 30 MMboe,Oil field,Oil field (Sour),Europe continental,,,"Rita, DK",Offshore,Unspecific (Other/Open/Relinquished),Relinquished,Not shale play,2030,2030,2033,Lindesnes Ridge,Offshore shelf,200-300 ft depth,50-75 meter depth,Shelf (to 400 ft),Shelf (to 125 meter),Royalty/Tax,2039,"5603/27-05 (Rita-1), DK",Conventional,Conventional,Conventional
5,32606,27340,,2100,License relinquished,"10/06, DK",Central Graben,,Benign,"Full year humid, warm summer",Benign,2100,2100,2100,,Steel platform,Fixed,Resources 0-1 MMboe,Resources below 30 MMboe,Other,Other,Europe continental,,,"10/06, DK",Offshore,Unspecific (Other/Open/Relinquished),Relinquished,Not shale play,2100,2100,2100,Central Graben,Offshore shelf,100-200 ft depth,25-50 meter depth,Shelf (to 400 ft),Shelf (to 125 meter),Royalty/Tax,,"10/06, DK",Unknown,Unknown,Unknown
6,32607,27314,,2030,License,"SouthWest Area (Harald), DK",Central Graben,,Benign,"Full year humid, warm summer",Benign,2020,2025,2025,,Steel platform,Fixed,Resources 3-10 MMboe,Resources below 30 MMboe,Oil field,Oil field (Sour),Europe continental,,,"Sole Concession of 1962, DK",Offshore,Major,TotalEnergies,Not shale play,2045,2040,2045,Sogne,Offshore shelf,100-200 ft depth,25-50 meter depth,Shelf (to 400 ft),Shelf (to 125 meter),Royalty/Tax,2059,"Tyra, DK",Conventional,Conventional,Conventional
7,32633,27330,,2040,License,"5/98 (Hejre), DK",Central Graben,,Benign,"Full year humid, warm summer",Benign,2020,2020,2023,,Steel platform,Fixed,Resources 3-10 MMboe,Resources below 30 MMboe,Oil field,Oil field (Sour),Europe continental,,,"05/98 (Hejre), DK",Offshore,Industrial,Ineos Group,Not shale play,2040,2040,2043,Central Graben,Offshore shelf,200-300 ft depth,50-75 meter depth,Shelf (to 400 ft),Shelf (to 125 meter),Royalty/Tax,2057,"05/98 (Hejre), DK",Conventional,Conventional,Conventional
8,32637,27357,,2100,License relinquished,"02/98, DK",Danish Norwegian,,Benign,"Full year humid, warm summer",Benign,2100,2100,2100,,Steel platform,Fixed,Resources 0-1 MMboe,Resources below 30 MMboe,Other,Other,Europe continental,,,"02/98, DK",Offshore,Unspecific (Other/Open/Relinquished),Relinquished,Not shale play,2100,2100,2100,Danish Norwegian,Offshore shelf,100-200 ft depth,50-75 meter depth,Shelf (to 400 ft),Shelf (to 125 meter),Royalty/Tax,,"02/98, DK",Unknown,Unknown,Unknown
9,32573,27337,,2031,Field,"Boje (Boje-1:5504/07-04), DK",Central Graben,,Benign,"Full year humid, warm summer",Benign,1980,1980,1982,,Extended reach,Fixed,Resources 10-30 MMboe,Resources below 30 MMboe,Oil field,Oil field (Sour),Europe continental,,,"Sole Concession of 1962, DK",Offshore,Major,TotalEnergies,Not shale play,2030,2030,2033,Central Graben,Offshore shelf,100-200 ft depth,25-50 meter depth,Shelf (to 400 ft),Shelf (to 125 meter),Royalty/Tax,2049,"Boje, DK",Conventional,Conventional,Conventional
10,32611,27363,,2100,License relinquished,"01/98, DK",Central Graben,,Benign,"Full year humid, warm summer",Benign,2100,2100,2100,,Steel platform,Fixed,Resources 0-1 MMboe,Resources below 30 MMboe,Other,Other,Europe continental,,,"01/98, DK",Offshore,Unspecific (Other/Open/Relinquished),Relinquished,Not shale play,2100,2100,2100,Central Graben,Offshore shelf,100-200 ft depth,50-75 meter depth,Shelf (to 400 ft),Shelf (to 125 meter),Royalty/Tax,,"01/98, DK",Unknown,Unknown,Unknown
11,122542,27328,,2025,Field,"Solsort (Solsort-1:5604/26-05), DK",Central Graben,,Benign,"Full year humid, warm summer",Benign,2010,2010,2010,,Steel platform,Fixed,Resources 10-30 MMboe,Resources below 30 MMboe,Oil field,Oil field (Gas-Oil-Ratio 20-40%),Europe continental,,,"04/98 (Svane 1A), DK",Offshore,Industrial,Ineos Group,Not shale play,2025,2020,2027,Central Graben,Offshore shelf,200-300 ft depth,50-75 meter depth,Shelf (to 400 ft),Shelf (to 125 meter),Royalty/Tax,2042,"Solsort, DK",Conventional,Conventional,Conventional
12,204434,55142,,2100,License Relinquished,"15/84, DK",Danish Norwegian,,Benign,"Full year humid, warm summer",Benign,2100,2100,2100,,Onshore,Onshore,Resources 0-1 MMboe,Resources below 30 MMboe,Other,Other,Local market,,,"15/84, DK",Onshore,Unspecific (Other/Open/Relinquished),Relinquished,Not shale play,2100,2100,2100,Danish Norwegian,Other Onshore,Land,Land,Land,Land,Royalty/Tax,,"15/84, DK",Unknown,Unknown,Unknown
13,204446,55154,,2100,License Relinquished,"09/89, DK",Norwegian - Danish,,Benign,"Full year humid, warm summer",Benign,2100,2100,2100,,Onshore,Onshore,Resources 0-1 MMboe,Resources below 30 MMboe,Other,Other,Local market,,,"09/89, DK",Onshore,Unspecific (Other/Open/Relinquished),Relinquished,Not shale play,2100,2100,2100,Norwegian - Danish,Other Onshore,Land,Land,Land,Land,Royalty/Tax,,"09/89, DK",Unknown,Unknown,Unknown
14,204454,55162,,2100,License Relinquished,"11/98, DK",Central Graben,,Benign,"Full year humid, warm summer",Benign,2100,2100,2100,,Steel platform,Fixed,Resources 0-1 MMboe,Resources below 30 MMboe,Other,Other,Local market,,,"11/98, DK",Offshore,Unspecific (Other/Open/Relinquished),Relinquished,Not shale play,2100,2100,2100,Central Graben,Offshore shelf,100-200 ft depth,25-50 meter depth,Shelf (to 400 ft),Shelf (to 125 meter),Royalty/Tax,,"11/98, DK",Unknown,Unknown,Unknown
15,10000103,34624,,,Cost,"Other Partners_Denmark_(50-75 meter depth), DK",Unknown,,Unknown,Unknown,Unknown,,,,,,,Unknown,Unknown,Other,Other,Local market,,,"Other Partners_Denmark_(50-75 meter depth), DK",Offshore,Unspecific (Other/Open/Relinquished),Other partner(s),Not shale play,,,,Unknown,Offshore shelf,Unknown,50-75 meter depth,Unknown,Shelf (to 125 meter),Unknown,,Unknown,,,
16,32576,27314,,2028,Field,"Elly (Elly-1:5504/06-01), DK",Central Graben,,Benign,"Full year humid, warm summer",Benign,1980,1980,1984,,Steel platform,Fixed,Resources 10-30 MMboe,Resources below 30 MMboe,Gas-Condensate field,Gas-Condensate field (CGR 20+ bbl/MMcf),Europe continental,,,"Sole Concession of 1962, DK",Offshore,Unspecific (Other/Open/Relinquished),Relinquished,Not shale play,2030,2030,2033,Central Graben,Offshore shelf,100-200 ft depth,25-50 meter depth,Shelf (to 400 ft),Shelf (to 125 meter),Royalty/Tax,2055,"Elly, DK",Conventional,Conventional,Conventional
17,32615,27324,,2100,License relinquished,"14/06, DK",Central Graben,,Benign,"Full year humid, warm summer",Benign,2100,2100,2100,,Steel platform,Fixed,Resources 0-1 MMboe,Resources below 30 MMboe,Other,Other,Europe continental,,,"14/06, DK",Offshore,Unspecific (Other/Open/Relinquished),Relinquished,Not shale play,2100,2100,2100,Central Graben,Offshore shelf,100-200 ft depth,50-75 meter depth,Shelf (to 400 ft),Shelf (to 125 meter),Royalty/Tax,,"14/06, DK",Unknown,Unknown,Unknown
18,105466,38394,,2024,License,"3/09, DK",Central Graben,,Benign,"Full year humid, warm summer",Benign,2020,2020,2023,,Steel platform,Fixed,Resources 30-100 MMboe,Resources 30-300 MMboe,Oil field,Oil field (Sour),Europe continental,,,"3/09, DK",Offshore,Industrial,Ineos Group,Not shale play,2040,2040,2041,Central Graben,Offshore shelf,200-300 ft depth,50-75 meter depth,Shelf (to 400 ft),Shelf (to 125 meter),Royalty/Tax,2063,"03/09, DK",Conventional,Conventional,Conventional
19,106062,27336,,2100,License relinquished,"04/09, DK",Norwegian - Danish,,Benign,"Full year humid, warm summer",Benign,2100,2100,2100,,Onshore,Onshore,Resources 0-1 MMboe,Resources below 30 MMboe,Other,Other,Europe continental,,,"Cambrian Alum Shale, DK",Onshore,Unspecific (Other/Open/Relinquished),Relinquished,"Denmark Shale, DK",2100,2100,2100,Norwegian - Danish,Shale/Tight oil,Land,Land,Land,Land,Royalty/Tax,,"Denmark Shale, DK",Unconventional gas,Shale gas plays,Unconventional
20,109270,27336,,2000,Industry,"Other liquids, DK",Norwegian - Danish,,Benign,"Full year humid, warm summer",Benign,2000,2000,2000,,Onshore,Onshore,Unknown,Unknown,Other,Other,Local market,,,,Onshore,Unspecific (Other/Open/Relinquished),Other liquids,Not shale play,2000,2000,2001,Norwegian - Danish,Other Onshore,Land,Land,Land,Land,Royalty/Tax,2100,"Other liquids, DK",Other Liquids,Other Liquids,Other Liquids
21,122531,27326,,2014,Field,"Ravn, DK",Central Graben,,Benign,"Full year humid, warm summer",Benign,1980,1985,1986,,Steel platform,Fixed,Resources 1-3 MMboe,Resources below 30 MMboe,Oil field,Oil field (Gas-Oil-Ratio 0%),Europe continental,,,"05/06, DK",Offshore,Independent,Wintershall Dea,Not shale play,2015,2010,2017,Central Graben,Offshore shelf,100-200 ft depth,25-50 meter depth,Shelf (to 400 ft),Shelf (to 125 meter),Royalty/Tax,2020,"Ravn, DK",Conventional,Conventional,Conventional
22,194790,51830,,2100,License relinquished,"Elly (5504/5, 6), DK",Central Graben,,Benign,"Full year humid, warm summer",Benign,2100,2100,2100,,Subsea tie back,Subsea tie back,Resources 0-1 MMboe,Resources below 30 MMboe,Other,Other,Local market,,,"Sole Concession of 1962, DK",Offshore,Unspecific (Other/Open/Relinquished),Relinquished,Not shale play,2100,2100,2100,Sogne,Offshore shelf,100-200 ft depth,50-75 meter depth,Shelf (to 400 ft),Shelf (to 125 meter),Royalty/Tax,,"Elly (5504/5, 6), DK",Conventional,Conventional,Conventional
23,204433,55141,,2100,License Relinquished,"13/84, DK",Central Graben,,Benign,"Full year humid, warm summer",Benign,2100,2100,2100,,Steel platform,Fixed,Resources 0-1 MMboe,Resources below 30 MMboe,Other,Other,Local market,,,"13/84, DK",Offshore,Unspecific (Other/Open/Relinquished),Relinquished,Not shale play,2100,2100,2100,Central Graben,Offshore shelf,100-200 ft depth,50-75 meter depth,Shelf (to 400 ft),Shelf (to 125 meter),Royalty/Tax,,"13/84, DK",Unknown,Unknown,Unknown
24,32570,27314,,1995,Field,"Harald, DK",Central Graben,,Benign,"Full year humid, warm summer",Benign,1980,1980,1980,,Steel platform,Fixed,Resources 100-300 MMboe,Resources 30-300 MMboe,Gas-Condensate field,Gas-Condensate field (CGR 20+ bbl/MMcf),Europe continental,,,"Sole Concession of 1962, DK",Offshore,Major,TotalEnergies,Not shale play,1995,1990,1997,Sogne,Offshore shelf,100-200 ft depth,25-50 meter depth,Shelf (to 400 ft),Shelf (to 125 meter),Royalty/Tax,2032,"Tyra, DK",Conventional,Conventional,Conventional
25,32586,27347,,1997,Field,"Siri, DK",Danish Norwegian,,Benign,"Full year humid, warm summer",Benign,1990,1995,1995,,Steel platform,Fixed,Resources 30-100 MMboe,Resources 30-300 MMboe,Oil field,Oil field (Gas-Oil-Ratio 0%),Local market,,,"06/95 (Siri), DK",Offshore,Industrial,Ineos Group,Not shale play,1995,1990,1999,Aasta Graben,Offshore shelf,200-300 ft depth,50-75 meter depth,Shelf (to 400 ft),Shelf (to 125 meter),Royalty/Tax,2023,"Siri, DK",Conventional,Conventional,Conventional
26,32632,27343,,2100,License relinquished,"02/05, DK",Ringkobing-Fyn High,,Benign,"Full year humid, warm summer",Benign,2100,2100,2100,,Steel platform,Fixed,Resources 0-1 MMboe,Resources below 30 MMboe,Other,Other,Europe continental,,,"02/05, DK",Offshore,Unspecific (Other/Open/Relinquished),Relinquished,Not shale play,2100,2100,2100,Ringkobing-Fyn High,Offshore shelf,100-200 ft depth,25-50 meter depth,Shelf (to 400 ft),Shelf (to 125 meter),Royalty/Tax,,"02/05, DK",Conventional,Conventional,Conventional
27,32560,27337,,1972,Field,"Dan, DK",Central Graben,,Benign,"Full year humid, warm summer",Benign,1970,1970,1971,,Steel platform,Fixed,Resources 300-1000 MMboe,Resources 300-1000 MMboe,Oil field,Oil field (Gas-Oil-Ratio 10-20%),Europe continental,,,"Sole Concession of 1962, DK",Offshore,Major,TotalEnergies,Not shale play,1970,1970,1972,Central Graben,Offshore shelf,100-200 ft depth,25-50 meter depth,Shelf (to 400 ft),Shelf (to 125 meter),Royalty/Tax,2050,"Dan, DK",Conventional,Conventional,Conventional
28,32627,27350,,2100,License relinquished,"07/06 Rau, DK",Central Graben,,Benign,"Full year humid, warm summer",Benign,2100,2100,2100,,Steel platform,Fixed,Resources 0-1 MMboe,Resources below 30 MMboe,Other,Other,Europe continental,,,"07/06, DK",Offshore,Unspecific (Other/Open/Relinquished),Relinquished,Not shale play,2100,2100,2100,Central Graben,Offshore shelf,100-200 ft depth,50-75 meter depth,Shelf (to 400 ft),Shelf (to 125 meter),Royalty/Tax,,"07/06 Rau, DK",Conventional,Conventional,Conventional
29,32613,27361,,2100,License relinquished,"01/02, DK",Skagerrak - Kattegat,,Benign,"Full year humid, warm summer",Benign,2100,2100,2100,,Onshore,Onshore,Resources 0-1 MMboe,Resources below 30 MMboe,Other,Other,Europe continental,,,"01/02, DK",Onshore,Unspecific (Other/Open/Relinquished),Relinquished,Not shale play,2100,2100,2100,Skagerrak - Kattegat,Other Onshore,Land,Land,Land,Land,Royalty/Tax,,"01/02, DK",Unknown,Unknown,Unknown
30,194792,51832,,2042,License,"5504/10, 14 (Rolf), DK",Central Graben,,Benign,"Full year humid, warm summer",Benign,2020,2020,2023,,Steel platform,Fixed,Resources 1-3 MMboe,Resources below 30 MMboe,Oil field,Oil field (Gas-Oil-Ratio 40-80%),Europe continental,,,"Sole Concession of 1962, DK",Offshore,Major,TotalEnergies,Not shale play,2040,2040,2043,Sogne,Offshore shelf,100-200 ft depth,50-75 meter depth,Shelf (to 400 ft),Shelf (to 125 meter),Royalty/Tax,2052,"Rolf (5504/10, 14), DK",Conventional,Conventional,Conventional
31,89432,34797,,2100,License relinquished,"01/07, DK",Northwest German,,Benign,"Full year humid, warm summer",Benign,2100,2100,2100,,Onshore,Onshore,Resources 0-1 MMboe,Resources below 30 MMboe,Other,Other,Europe continental,,,"01/07, DK",Onshore,Unspecific (Other/Open/Relinquished),Relinquished,Not shale play,2100,2100,2100,Northwest German,Other Onshore,Land,Land,Land,Land,Royalty/Tax,,"01/07, DK",Conventional,Conventional,Conventional
32,204440,55148,,2100,License Relinquished,"02/86, DK",Mid-Polish Trough,,Benign,"Full year humid, warm summer",Benign,2100,2100,2100,,Steel platform,Fixed,Resources 0-1 MMboe,Resources below 30 MMboe,Other,Other,Local market,,,"02/86, DK",Offshore,Unspecific (Other/Open/Relinquished),Relinquished,Not shale play,2100,2100,2100,Mid-Polish Trough,Offshore shelf,0-100 ft depth,0-25 meter depth,Shelf (to 400 ft),Shelf (to 125 meter),Royalty/Tax,,"02/86, DK",Unknown,Unknown,Unknown
33,204443,55151,,2100,License Relinquished,"08/89, DK",Central Graben,,Benign,"Full year humid, warm summer",Benign,2100,2100,2100,,Steel platform,Fixed,Resources 0-1 MMboe,Resources below 30 MMboe,Other,Other,Local market,,,"08/89, DK",Offshore,Unspecific (Other/Open/Relinquished),Relinquished,Not shale play,2100,2100,2100,Central Graben,Offshore shelf,100-200 ft depth,50-75 meter depth,Shelf (to 400 ft),Shelf (to 125 meter),Royalty/Tax,,"08/89, DK",Unknown,Unknown,Unknown
34,204448,55156,,2100,License Relinquished,"01/95, DK",Central Graben,,Benign,"Full year humid, warm summer",Benign,2100,2100,2100,,Steel platform,Fixed,Resources 0-1 MMboe,Resources below 30 MMboe,Other,Other,Local market,,,"01/95, DK",Offshore,Unspecific (Other/Open/Relinquished),Relinquished,Not shale play,2100,2100,2100,Central Graben,Offshore shelf,100-200 ft depth,50-75 meter depth,Shelf (to 400 ft),Shelf (to 125 meter),Royalty/Tax,,"01/95, DK",Unknown,Unknown,Unknown
35,204426,55134,,2100,License Relinquished,"Gas Storage Investigation, DK",Danish Norwegian,,Benign,"Full year humid, warm summer",Benign,2100,2100,2100,,Steel platform,Fixed,Resources 0-1 MMboe,Resources below 30 MMboe,Other,Other,Local market,,,"Gas Storage Investigation, DK",Offshore,Unspecific (Other/Open/Relinquished),Relinquished,Not shale play,2100,2100,2100,Danish Norwegian,Offshore shelf,0-100 ft depth,0-25 meter depth,Shelf (to 400 ft),Shelf (to 125 meter),Royalty/Tax,,"Gas Storage Investigation, DK",Unknown,Unknown,Unknown
36,234857,27344,,2040,Open,"Open 2037 Rotliegend -  Northwest German North Sea 1 , DK",Northwest German,,Benign,"Full year humid, warm summer",Benign,2040,2040,2040,,Onshore,Onshore,Unknown,Unknown,Gas field,Gas field (CGR 0 Dry gas),Europe continental,,,"Northwest German Offshore , DK",Onshore,Unspecific (Other/Open/Relinquished),Open acreage,Not shale play,2040,2040,2044,Northwest German,Other Onshore,Land,Land,Land,Land,Royalty/Tax,2101,"Northwest German Offshore , DK",Unknown,Unknown,Unknown
37,238914,60745,,2028,License,"9/16, DK",Central Graben,,Benign,"Full year humid, warm summer",Benign,2020,2020,2024,,Steel platform,Fixed,Resources 30-100 MMboe,Resources 30-300 MMboe,Oil field,Oil field (Gas-Oil-Ratio 40-80%),Europe continental,,,"9/16, DK",Offshore,Independent,Wintershall Dea,Not shale play,2040,2040,2044,Sogne,Offshore shelf,200-300 ft depth,50-75 meter depth,Shelf (to 400 ft),Shelf (to 125 meter),Royalty/Tax,2065,"9/16, DK",Conventional,Conventional,Conventional
38,238916,60747,,2100,License relinquished,"11/16, DK",Central Graben,,Benign,"Full year humid, warm summer",Benign,2100,2100,2100,,Steel platform,Fixed,Resources 30-100 MMboe,Resources 30-300 MMboe,Other,Other,Europe continental,,,"11/16, DK",Offshore,Unspecific (Other/Open/Relinquished),Relinquished,Not shale play,2100,2100,2100,Central Graben,Offshore shelf,100-200 ft depth,50-75 meter depth,Shelf (to 400 ft),Shelf (to 125 meter),Royalty/Tax,2052,"11/16, DK",Conventional,Conventional,Conventional
39,238918,60749,,2100,License relinquished,"13/16, DK",Ringkobing-Fyn High,,Benign,"Full year humid, warm summer",Benign,2100,2100,2100,,Steel platform,Fixed,Resources 0-1 MMboe,Resources below 30 MMboe,Other,Other,Europe continental,,,"13/16, DK",Offshore,Unspecific (Other/Open/Relinquished),Relinquished,Not shale play,2100,2100,2100,Ringkobing-Fyn High,Offshore shelf,100-200 ft depth,50-75 meter depth,Shelf (to 400 ft),Shelf (to 125 meter),Royalty/Tax,,"13/16, DK",Conventional,Conventional,Conventional
40,109545,40105,,2100,License relinquished,"01/11, DK",Ringkobing-Fyn High,,Benign,"Full year humid, warm summer",Benign,2100,2100,2100,,Steel platform,Fixed,Resources 0-1 MMboe,Resources below 30 MMboe,Other,Other,Europe continental,,,"01/11, DK",Offshore,Unspecific (Other/Open/Relinquished),Relinquished,Not shale play,2100,2100,2100,Ringkobing-Fyn High,Offshore shelf,100-200 ft depth,25-50 meter depth,Shelf (to 400 ft),Shelf (to 125 meter),Royalty/Tax,,"01/11, DK",Conventional,Conventional,Conventional
41,113026,27338,,2027,Field,"Broder Tuck (Broder Tck-1:5504/20-03), DK",Central Graben,,Benign,"Full year humid, warm summer",Benign,2010,2010,2011,,Steel platform,Fixed,Resources 10-30 MMboe,Resources below 30 MMboe,Gas-Condensate field,Gas-Condensate field (CGR 20+ bbl/MMcf),Europe continental,,,"12/06, DK",Offshore,E&P Company,Dana Petroleum,Not shale play,2025,2020,2029,Central Graben,Offshore shelf,100-200 ft depth,25-50 meter depth,Shelf (to 400 ft),Shelf (to 125 meter),Royalty/Tax,2052,"Robin Hood, DK",Conventional,Conventional,Conventional
42,191724,50449,,2100,License relinquished,"4/06b (Southwestern), DK",Central Graben,,Benign,"Full year humid, warm summer",Benign,2100,2100,2100,,Steel platform,Fixed,Resources 0-1 MMboe,Resources below 30 MMboe,Other,Other,Europe continental,,,"4/06b (Southwestern), DK",Offshore,Unspecific (Other/Open/Relinquished),Relinquished,Not shale play,2100,2100,2100,Central Graben,Offshore shelf,100-200 ft depth,50-75 meter depth,Shelf (to 400 ft),Shelf (to 125 meter),Royalty/Tax,,"4/06b (Southwestern), DK",Conventional,Conventional,Conventional
43,204425,55133,,2100,License Relinquished,"01/62, DK",Norwegian - Danish,,Benign,"Full year humid, warm summer",Benign,2100,2100,2100,,Steel platform,Fixed,Resources 0-1 MMboe,Resources below 30 MMboe,Other,Other,Local market,,,"01/62, DK",Offshore,Unspecific (Other/Open/Relinquished),Relinquished,Not shale play,2100,2100,2100,Norwegian - Danish,Offshore shelf,100-200 ft depth,25-50 meter depth,Shelf (to 400 ft),Shelf (to 125 meter),Royalty/Tax,,"01/62, DK",Unknown,Unknown,Unknown
44,204444,55152,,2100,License Relinquished,"03/89, DK",Danish Norwegian,,Benign,"Full year humid, warm summer",Benign,2100,2100,2100,,Steel platform,Fixed,Resources 0-1 MMboe,Resources below 30 MMboe,Other,Other,Local market,,,"03/89, DK",Offshore,Unspecific (Other/Open/Relinquished),Relinquished,Not shale play,2100,2100,2100,Danish Norwegian,Offshore shelf,100-200 ft depth,25-50 meter depth,Shelf (to 400 ft),Shelf (to 125 meter),Royalty/Tax,,"03/89, DK",Unknown,Unknown,Unknown
45,238917,60748,,2100,License relinquished,"12/16, DK",Danish Norwegian,,Benign,"Full year humid, warm summer",Benign,2100,2100,2100,,Steel platform,Fixed,Resources 0-1 MMboe,Resources below 30 MMboe,Other,Other,Europe continental,,,"12/16, DK",Offshore,Unspecific (Other/Open/Relinquished),Relinquished,Not shale play,2100,2100,2100,Danish Norwegian,Offshore shelf,100-200 ft depth,50-75 meter depth,Shelf (to 400 ft),Shelf (to 125 meter),Royalty/Tax,,"12/16, DK",Conventional,Conventional,Conventional
46,238920,60751,,2100,License relinquished,"16/16, DK",Central Graben,,Benign,"Full year humid, warm summer",Benign,2100,2100,2100,,Steel platform,Fixed,Resources 0-1 MMboe,Resources below 30 MMboe,Other,Other,Europe continental,,,"16/16, DK",Offshore,Unspecific (Other/Open/Relinquished),Relinquished,Not shale play,2100,2100,2100,Central Graben,Offshore shelf,100-200 ft depth,25-50 meter depth,Shelf (to 400 ft),Shelf (to 125 meter),Royalty/Tax,,"16/16, DK",Conventional,Conventional,Conventional
47,244622,27337,,2017,Field,"Tyra (redevelop), DK",Central Graben,,Benign,"Full year humid, warm summer",Benign,1960,1965,1968,,Steel platform,Fixed,Resources 100-300 MMboe,Resources 30-300 MMboe,Gas-Condensate field,Gas-Condensate field (CGR 20+ bbl/MMcf),Europe continental,,,"Sole Concession of 1962, DK",Offshore,Major,TotalEnergies,Not shale play,2020,2020,2023,Central Graben,Offshore shelf,100-200 ft depth,25-50 meter depth,Shelf (to 400 ft),Shelf (to 125 meter),Royalty/Tax,2046,"Tyra, DK",Conventional,Conventional,Conventional
48,32559,27334,,1996,Field,"South Arne, DK",Central Graben,,Benign,"Full year humid, warm summer",Benign,1960,1965,1969,,Steel platform,Fixed,Resources 100-300 MMboe,Resources 30-300 MMboe,Oil field,Oil field (Gas-Oil-Ratio 20-40%),Europe continental,,,"07/89 (Arne South), DK",Offshore,Industrial,Ineos Group,Not shale play,1995,1990,1999,Central Graben,Offshore shelf,100-200 ft depth,50-75 meter depth,Shelf (to 400 ft),Shelf (to 125 meter),Royalty/Tax,2037,"Arne South, DK",Conventional,Conventional,Conventional
49,32565,27337,,1981,Field,"Skjold, DK",Central Graben,,Benign,"Full year humid, warm summer",Benign,1970,1975,1977,,Steel platform,Fixed,Resources 300-1000 MMboe,Resources 300-1000 MMboe,Oil field,Oil field (Gas-Oil-Ratio 05-10%),Europe continental,,,"Sole Concession of 1962, DK",Offshore,Major,TotalEnergies,Not shale play,1980,1980,1982,Central Graben,Offshore shelf,100-200 ft depth,25-50 meter depth,Shelf (to 400 ft),Shelf (to 125 meter),Royalty/Tax,2034,"Gorm, DK",Conventional,Conventional,Conventional
50,32568,27337,,1992,Field,"Regnar, DK",Central Graben,,Benign,"Full year humid, warm summer",Benign,1970,1975,1979,,Subsea tie back,Subsea tie back,Resources 3-10 MMboe,Resources below 30 MMboe,Oil field,Oil field (Gas-Oil-Ratio 01-05%),Europe continental,,,"Sole Concession of 1962, DK",Offshore,Major,TotalEnergies,Not shale play,1990,1990,1993,Central Graben,Offshore shelf,100-200 ft depth,25-50 meter depth,Shelf (to 400 ft),Shelf (to 125 meter),Royalty/Tax,2008,"Dan, DK",Conventional,Conventional,Conventional
51,32575,27314,,2031,Field,"Freja (Gert-1:5603/27-02), DK",Central Graben,,Benign,"Full year humid, warm summer",Benign,1980,1980,1984,,Subsea tie back,Subsea tie back,Resources 3-10 MMboe,Resources below 30 MMboe,Oil field,Oil field (Sour),Europe continental,,,"Sole Concession of 1962, DK",Offshore,Major,TotalEnergies,Not shale play,2030,2030,2032,Feda Graben,Offshore shelf,200-300 ft depth,50-75 meter depth,Shelf (to 400 ft),Shelf (to 125 meter),Royalty/Tax,2043,"Freja, DK",Conventional,Conventional,Conventional
52,32589,27337,,1999,Field,"Halfdan, DK",Central Graben,,Benign,"Full year humid, warm summer",Benign,1990,1995,1997,,Steel platform,Fixed,Resources 300-1000 MMboe,Resources 300-1000 MMboe,Oil field,Oil field (Gas-Oil-Ratio 40-80%),Europe continental,,,"Sole Concession of 1962, DK",Offshore,Major,TotalEnergies,Not shale play,1995,1990,1999,Central Graben,Offshore shelf,100-200 ft depth,25-50 meter depth,Shelf (to 400 ft),Shelf (to 125 meter),Royalty/Tax,2043,"Halfdan, DK",Conventional,Conventional,Conventional
53,32592,27353,,2002,Field,"Nini, DK",Danish Norwegian,,Benign,"Full year humid, warm summer",Benign,2000,2000,2000,,Steel platform,Fixed,Resources 30-100 MMboe,Resources 30-300 MMboe,Oil field,Oil field (Gas-Oil-Ratio 10-20%),Local market,,,"04/95 (Nini), DK",Offshore,Industrial,Ineos Group,Not shale play,2000,2000,2003,Danish Norwegian,Offshore shelf,100-200 ft depth,50-75 meter depth,Shelf (to 400 ft),Shelf (to 125 meter),Royalty/Tax,2028,"Siri, DK",Conventional,Conventional,Conventional
54,32593,27322,,2003,Field,"Cecilie, DK",Danish Norwegian,,Benign,"Full year humid, warm summer",Benign,2000,2000,2000,,Steel platform,Fixed,Resources 3-10 MMboe,Resources below 30 MMboe,Oil field,Oil field (Gas-Oil-Ratio 01-05%),Local market,,,"16/98 (Cecilie), DK",Offshore,Industrial,Ineos Group,Not shale play,2000,2000,2003,Danish Norwegian,Offshore shelf,100-200 ft depth,50-75 meter depth,Shelf (to 400 ft),Shelf (to 125 meter),Royalty/Tax,2029,"Siri, DK",Conventional,Conventional,Conventional
55,32618,27305,,2100,License relinquished,"13/98, DK",Central Graben,,Benign,"Full year humid, warm summer",Benign,2100,2100,2100,,Steel platform,Fixed,Resources 0-1 MMboe,Resources below 30 MMboe,Other,Other,Europe continental,,,"13/98, DK",Offshore,Unspecific (Other/Open/Relinquished),Relinquished,Not shale play,2100,2100,2100,Central Graben,Offshore shelf,100-200 ft depth,25-50 meter depth,Shelf (to 400 ft),Shelf (to 125 meter),Royalty/Tax,,"13/98, DK",Unknown,Unknown,Unknown
56,32645,27338,,2030,License,"12/6, DK",Central Graben,,Benign,"Full year humid, warm summer",Benign,2020,2020,2023,,Steel platform,Fixed,Resources 3-10 MMboe,Resources below 30 MMboe,Oil field,Oil field (Sour),Europe continental,,,"12/06, DK",Offshore,E&P Company,Dana Petroleum,Not shale play,2040,2040,2043,Central Graben,Offshore shelf,100-200 ft depth,25-50 meter depth,Shelf (to 400 ft),Shelf (to 125 meter),Royalty/Tax,2058,"12/06, DK",Conventional,Conventional,Conventional
57,32603,27353,,2009,Field,"Nini East, DK",Danish Norwegian,,Benign,"Full year humid, warm summer",Benign,2000,2005,2007,,Steel platform,Fixed,Resources 10-30 MMboe,Resources below 30 MMboe,Oil field,Oil field (Gas-Oil-Ratio 01-05%),Local market,,,"04/95 (Nini), DK",Offshore,Industrial,Ineos Group,Not shale play,2010,2010,2010,Danish Norwegian,Offshore shelf,100-200 ft depth,50-75 meter depth,Shelf (to 400 ft),Shelf (to 125 meter),Royalty/Tax,2033,"Siri, DK",Conventional,Conventional,Conventional
58,32610,27332,,2100,License relinquished,"13/06, DK",Central Graben,,Benign,"Full year humid, warm summer",Benign,2100,2100,2100,,Steel platform,Fixed,Resources 0-1 MMboe,Resources below 30 MMboe,Other,Other,Europe continental,,,"13/06, DK",Offshore,Unspecific (Other/Open/Relinquished),Relinquished,Not shale play,2100,2100,2100,Sogne,Offshore shelf,100-200 ft depth,50-75 meter depth,Shelf (to 400 ft),Shelf (to 125 meter),Royalty/Tax,,"13/06, DK",Unknown,Unknown,Unknown
59,108689,39816,,2100,License relinquished,"01/10, DK",Skagerrak - Kattegat,,Benign,"Full year humid, warm summer",Benign,2100,2100,2100,,Onshore,Onshore,Resources 0-1 MMboe,Resources below 30 MMboe,Other,Other,Europe continental,,,"01/10, DK",Onshore,Unspecific (Other/Open/Relinquished),Relinquished,"Alum Shale, DK",2100,2100,2100,Skagerrak - Kattegat,Shale/Tight oil,Land,Land,Land,Land,Royalty/Tax,,"Alum Shale, DK",Unconventional gas,Shale gas plays,Unconventional
60,204447,55155,,2100,License Relinquished,"01/92, DK",Northwest German,,Benign,"Full year humid, warm summer",Benign,2100,2100,2100,,Onshore,Onshore,Resources 0-1 MMboe,Resources below 30 MMboe,Other,Other,Local market,,,"01/92, DK",Onshore,Unspecific (Other/Open/Relinquished),Relinquished,Not shale play,2100,2100,2100,Northwest German,Other Onshore,Land,Land,Land,Land,Royalty/Tax,,"01/92, DK",Unknown,Unknown,Unknown
61,204452,55160,,2100,License Relinquished,"10/98, DK",Central Graben,,Benign,"Full year humid, warm summer",Benign,2100,2100,2100,,Steel platform,Fixed,Resources 0-1 MMboe,Resources below 30 MMboe,Other,Other,Local market,,,"10/98, DK",Offshore,Unspecific (Other/Open/Relinquished),Relinquished,Not shale play,2100,2100,2100,Central Graben,Offshore shelf,100-200 ft depth,50-75 meter depth,Shelf (to 400 ft),Shelf (to 125 meter),Royalty/Tax,,"10/98, DK",Unknown,Unknown,Unknown
62,238919,60750,,2100,License relinquished,"15/16, DK",Central Graben,,Benign,"Full year humid, warm summer",Benign,2100,2100,2100,,Steel platform,Fixed,Resources 0-1 MMboe,Resources below 30 MMboe,Other,Other,Europe continental,,,"15/16, DK",Offshore,Unspecific (Other/Open/Relinquished),Relinquished,Not shale play,2100,2100,2100,Central Graben,Offshore shelf,200-300 ft depth,50-75 meter depth,Shelf (to 400 ft),Shelf (to 125 meter),Royalty/Tax,,"15/16, DK",Conventional,Conventional,Conventional
63,32625,27308,,2100,License relinquished,"9/95 , DK",Central Graben,,Benign,"Full year humid, warm summer",Benign,2100,2100,2100,,Steel platform,Fixed,Resources 0-1 MMboe,Resources below 30 MMboe,Other,Other,Europe continental,,,"09/95, DK",Offshore,Unspecific (Other/Open/Relinquished),Relinquished,Not shale play,2100,2100,2100,Piggvar Terrace,Offshore shelf,200-300 ft depth,50-75 meter depth,Shelf (to 400 ft),Shelf (to 125 meter),Royalty/Tax,,"09/95, DK",Conventional,Conventional,Conventional
64,32602,27350,,2033,Field,"Rau (Rau-1:5604/23-01), DK",Central Graben,,Benign,"Full year humid, warm summer",Benign,2000,2005,2007,,Steel platform,Fixed,Resources 3-10 MMboe,Resources below 30 MMboe,Oil field,Oil field (Gas-Oil-Ratio 80-160%),Europe continental,,,"07/06, DK",Offshore,Unspecific (Other/Open/Relinquished),Relinquished,Not shale play,2030,2030,2034,Central Graben,Offshore shelf,100-200 ft depth,50-75 meter depth,Shelf (to 400 ft),Shelf (to 125 meter),Royalty/Tax,2051,"Rau, DK",Conventional,Conventional,Conventional
65,32608,27346,,2100,License relinquished,"17/98, DK",Danish Norwegian,,Benign,"Full year humid, warm summer",Benign,2100,2100,2100,,Steel platform,Fixed,Resources 0-1 MMboe,Resources below 30 MMboe,Other,Other,Europe continental,,,"17/98, DK",Offshore,Unspecific (Other/Open/Relinquished),Relinquished,Not shale play,2100,2100,2100,Danish Norwegian,Offshore shelf,200-300 ft depth,50-75 meter depth,Shelf (to 400 ft),Shelf (to 125 meter),Royalty/Tax,,"17/98, DK",Unknown,Unknown,Unknown
66,32624,27319,,2027,License,"7/89 (South Arne), DK",Central Graben,,Benign,"Full year humid, warm summer",Benign,2020,2025,2027,,Steel platform,Fixed,Resources 3-10 MMboe,Resources below 30 MMboe,Oil field,Oil field (Sour),Europe continental,,,"07/89 (Arne South), DK",Offshore,Industrial,Ineos Group,Not shale play,2040,2040,2041,Central Graben,Offshore shelf,100-200 ft depth,50-75 meter depth,Shelf (to 400 ft),Shelf (to 125 meter),Royalty/Tax,2054,"07/89 (Arne South), DK",Conventional,Conventional,Conventional
67,194793,51833,,2030,License,"5604/25 (Svend), DK",Central Graben,,Benign,"Full year humid, warm summer",Benign,2020,2025,2025,,Steel platform,Fixed,Resources 3-10 MMboe,Resources below 30 MMboe,Oil field,Oil field (Gas-Oil-Ratio 40-80%),Europe continental,,,"Sole Concession of 1962, DK",Offshore,Major,TotalEnergies,Not shale play,2045,2040,2045,Central Graben,Offshore shelf,100-200 ft depth,25-50 meter depth,Shelf (to 400 ft),Shelf (to 125 meter),Royalty/Tax,2057,"Tyra, DK",Conventional,Conventional,Conventional
68,204436,55144,,2100,License Relinquished,"14/84, DK",Danish Norwegian,,Benign,"Full year humid, warm summer",Benign,2100,2100,2100,,Steel platform,Fixed,Resources 0-1 MMboe,Resources below 30 MMboe,Other,Other,Local market,,,"14/84, DK",Offshore,Unspecific (Other/Open/Relinquished),Relinquished,Not shale play,2100,2100,2100,Danish Norwegian,Offshore shelf,100-200 ft depth,25-50 meter depth,Shelf (to 400 ft),Shelf (to 125 meter),Royalty/Tax,,"14/84, DK",Unknown,Unknown,Unknown
69,204441,55149,,2100,License Relinquished,"02/84, DK",Central Graben,,Benign,"Full year humid, warm summer",Benign,2100,2100,2100,,Steel platform,Fixed,Resources 0-1 MMboe,Resources below 30 MMboe,Other,Other,Local market,,,"02/84, DK",Offshore,Unspecific (Other/Open/Relinquished),Relinquished,Not shale play,2100,2100,2100,Central Graben,Offshore shelf,100-200 ft depth,25-50 meter depth,Shelf (to 400 ft),Shelf (to 125 meter),Royalty/Tax,,"02/84, DK",Unknown,Unknown,Unknown
70,238711,60678,,2100,License relinquished,"14/16, DK",Central Graben,,Benign,"Full year humid, warm summer",Benign,2100,2100,2100,,Steel platform,Fixed,Resources 0-1 MMboe,Resources below 30 MMboe,Other,Other,Europe continental,,,"14/16, DK",Offshore,Unspecific (Other/Open/Relinquished),Relinquished,Not shale play,2100,2100,2100,Central Graben,Offshore shelf,200-300 ft depth,50-75 meter depth,Shelf (to 400 ft),Shelf (to 125 meter),Royalty/Tax,,"14/16, DK",Conventional,Conventional,Conventional
71,204428,55136,,2100,License Relinquished,"06/84, DK",Central Graben,,Benign,"Full year humid, warm summer",Benign,2100,2100,2100,,Steel platform,Fixed,Resources 0-1 MMboe,Resources below 30 MMboe,Other,Other,Local market,,,"06/84, DK",Offshore,Unspecific (Other/Open/Relinquished),Relinquished,Not shale play,2100,2100,2100,Central Graben,Offshore shelf,100-200 ft depth,50-75 meter depth,Shelf (to 400 ft),Shelf (to 125 meter),Royalty/Tax,,"06/84, DK",Unknown,Unknown,Unknown
72,204431,55139,,2100,License Relinquished,"11/84, DK",Northwest German,,Benign,"Full year humid, warm summer",Benign,2100,2100,2100,,Steel platform,Fixed,Resources 0-1 MMboe,Resources below 30 MMboe,Other,Other,Local market,,,"11/84, DK",Offshore,Unspecific (Other/Open/Relinquished),Relinquished,Not shale play,2100,2100,2100,Northwest German,Offshore shelf,0-100 ft depth,0-25 meter depth,Shelf (to 400 ft),Shelf (to 125 meter),Royalty/Tax,,"11/84, DK",Unknown,Unknown,Unknown
73,32574,27337,,1989,Field,"Dagmar, DK",Central Graben,,Benign,"Full year humid, warm summer",Benign,1980,1980,1983,,Steel platform,Fixed,Resources 3-10 MMboe,Resources below 30 MMboe,Oil field,Oil field (Gas-Oil-Ratio 0%),Europe continental,,,"Sole Concession of 1962, DK",Offshore,Major,TotalEnergies,Not shale play,1990,1990,1991,Central Graben,Offshore shelf,100-200 ft depth,25-50 meter depth,Shelf (to 400 ft),Shelf (to 125 meter),Royalty/Tax,2008,"Gorm, DK",Conventional,Conventional,Conventional
74,32622,27311,,2100,License relinquished,"09/06, DK",Central Graben,,Benign,"Full year humid, warm summer",Benign,2100,2100,2100,,Steel platform,Fixed,Resources 0-1 MMboe,Resources below 30 MMboe,Other,Other,Europe continental,,,"09/06, DK",Offshore,Unspecific (Other/Open/Relinquished),Relinquished,Not shale play,2100,2100,2100,Sogne,Offshore shelf,100-200 ft depth,50-75 meter depth,Shelf (to 400 ft),Shelf (to 125 meter),Royalty/Tax,,"09/06, DK",Conventional,Conventional,Conventional
75,105467,38389,,2100,License relinquished,"03/07, DK",Danish Norwegian,,Benign,"Full year humid, warm summer",Benign,2100,2100,2100,,Onshore,Onshore,Resources 0-1 MMboe,Resources below 30 MMboe,Other,Other,Europe continental,,,"03/07, DK",Onshore,Unspecific (Other/Open/Relinquished),Relinquished,Not shale play,2100,2100,2100,Danish Norwegian,Other Onshore,Land,Land,Land,Land,Royalty/Tax,,"03/07, DK",Conventional,Conventional,Conventional
76,105468,38390,,2100,License relinquished,"01/09, DK",Danish Norwegian,,Benign,"Full year humid, warm summer",Benign,2100,2100,2100,,Onshore,Onshore,Resources 0-1 MMboe,Resources below 30 MMboe,Other,Other,Europe continental,,,"01/09, DK",Onshore,Unspecific (Other/Open/Relinquished),Relinquished,Not shale play,2100,2100,2100,Danish Norwegian,Other Onshore,Land,Land,Land,Land,Royalty/Tax,,"Danica Jutland Project, DK",Conventional,Conventional,Conventional
77,192071,27326,,2026,Field,"Hibonite (Hibonite-1:5504/01-03), DK",Central Graben,,Benign,"Full year humid, warm summer",Benign,2010,2010,2013,,Steel platform,Fixed,Resources 10-30 MMboe,Resources below 30 MMboe,Oil field,Oil field (Gas-Oil-Ratio 20-40%),Europe continental,,,"05/06, DK",Offshore,Independent,Wintershall Dea,Not shale play,2025,2020,2029,Central Graben,Offshore shelf,100-200 ft depth,50-75 meter depth,Shelf (to 400 ft),Shelf (to 125 meter),Royalty/Tax,2046,"Hibonite, DK",Conventional,Conventional,Conventional
78,204429,55137,,2100,License Relinquished,"03/84, DK",Danish Norwegian,,Benign,"Full year humid, warm summer",Benign,2100,2100,2100,,Onshore,Onshore,Resources 0-1 MMboe,Resources below 30 MMboe,Other,Other,Local market,,,"03/84, DK",Onshore,Unspecific (Other/Open/Relinquished),Relinquished,Not shale play,2100,2100,2100,Danish Norwegian,Other Onshore,Land,Land,Land,Land,Royalty/Tax,,"03/84, DK",Unknown,Unknown,Unknown
79,238915,60746,,2100,License relinquished,"10/16, DK",Central Graben,,Benign,"Full year humid, warm summer",Benign,2100,2100,2100,,Steel platform,Fixed,Resources 0-1 MMboe,Resources below 30 MMboe,Other,Other,Europe continental,,,"10/16, DK",Offshore,Unspecific (Other/Open/Relinquished),Relinquished,Not shale play,2100,2100,2100,Central Graben,Offshore shelf,100-200 ft depth,25-50 meter depth,Shelf (to 400 ft),Shelf (to 125 meter),Royalty/Tax,,"10/16, DK",Conventional,Conventional,Conventional
80,279421,27337,,2023,Field,"Halfdan North, DK",Central Graben,,Benign,"Full year humid, warm summer",Benign,1990,1995,1997,,Steel platform,Fixed,Resources 30-100 MMboe,Resources 30-300 MMboe,Oil field,Oil field (Gas-Oil-Ratio 20-40%),Europe continental,,,"Sole Concession of 1962, DK",Offshore,Major,TotalEnergies,Not shale play,2025,2020,2025,Central Graben,Offshore shelf,100-200 ft depth,25-50 meter depth,Shelf (to 400 ft),Shelf (to 125 meter),Royalty/Tax,2048,"Halfdan, DK",Conventional,Conventional,Conventional
81,105470,38392,,2100,License relinquished,"02/07, DK",Norwegian - Danish,,Benign,"Full year humid, warm summer",Benign,2100,2100,2100,,Onshore,Onshore,Resources 0-1 MMboe,Resources below 30 MMboe,Other,Other,Europe continental,,,"02/07, DK",Onshore,Unspecific (Other/Open/Relinquished),Relinquished,Not shale play,2100,2100,2100,Norwegian - Danish,Other Onshore,Land,Land,Land,Land,Royalty/Tax,,"02/07, DK",Conventional,Conventional,Conventional
82,119380,27338,,2028,Field,"Lille John (LilleJohn-1:5504/20-05), DK",Central Graben,,Benign,"Full year humid, warm summer",Benign,2010,2010,2011,,Steel platform,Fixed,Resources 10-30 MMboe,Resources below 30 MMboe,Oil field,Oil field (Sour),Europe continental,,,"12/06, DK",Offshore,E&P Company,Dana Petroleum,Not shale play,2025,2020,2029,Central Graben,Offshore shelf,100-200 ft depth,25-50 meter depth,Shelf (to 400 ft),Shelf (to 125 meter),Royalty/Tax,2047,"Robin Hood, DK",Conventional,Conventional,Conventional
83,204438,55146,,2100,License Relinquished,"04/86, DK",Central Graben,,Benign,"Full year humid, warm summer",Benign,2100,2100,2100,,Steel platform,Fixed,Resources 0-1 MMboe,Resources below 30 MMboe,Other,Other,Local market,,,"04/86, DK",Offshore,Unspecific (Other/Open/Relinquished),Relinquished,Not shale play,2100,2100,2100,Central Graben,Offshore shelf,100-200 ft depth,50-75 meter depth,Shelf (to 400 ft),Shelf (to 125 meter),Royalty/Tax,,"04/86, DK",Unknown,Unknown,Unknown
84,204449,55157,,2100,License Relinquished,"02/95, DK",Central Graben,,Benign,"Full year humid, warm summer",Benign,2100,2100,2100,,Steel platform,Fixed,Resources 0-1 MMboe,Resources below 30 MMboe,Other,Other,Local market,,,"02/95, DK",Offshore,Unspecific (Other/Open/Relinquished),Relinquished,Not shale play,2100,2100,2100,Central Graben,Offshore shelf,100-200 ft depth,50-75 meter depth,Shelf (to 400 ft),Shelf (to 125 meter),Royalty/Tax,,"02/95, DK",Unknown,Unknown,Unknown
85,204456,55164,,2100,License Relinquished,"09/84, DK",Soregnefrei-Tornquist Fault Complex,,Benign,"Full year humid, warm summer",Benign,2100,2100,2100,,Onshore,Onshore,Resources 0-1 MMboe,Resources below 30 MMboe,Other,Other,Local market,,,"09/84, DK",Onshore,Unspecific (Other/Open/Relinquished),Relinquished,Not shale play,2100,2100,2100,Soregnefrei-Tornquist Fault Complex,Other Onshore,Land,Land,Land,Land,Royalty/Tax,,"09/84, DK",Unknown,Unknown,Unknown
86,234858,27344,,2051,Open,"Open 2042 Rotliegend -  Northwest German North Sea 1 , DK",Northwest German,,Benign,"Full year humid, warm summer",Benign,2040,2045,2046,,Onshore,Onshore,Unknown,Unknown,Gas field,Gas field (CGR 0 Dry gas),Europe continental,,,"Northwest German Offshore , DK",Onshore,Unspecific (Other/Open/Relinquished),Open acreage,Not shale play,2055,2050,2056,Northwest German,Other Onshore,Land,Land,Land,Land,Royalty/Tax,2101,"Northwest German Offshore , DK",Unknown,Unknown,Unknown
87,238909,60740,,2100,License relinquished,"3/16, DK",Central Graben,,Benign,"Full year humid, warm summer",Benign,2100,2100,2100,,Steel platform,Fixed,Resources 0-1 MMboe,Resources below 30 MMboe,Other,Other,Europe continental,,,"3/16, DK",Offshore,Unspecific (Other/Open/Relinquished),Relinquished,Not shale play,2100,2100,2100,Central Graben,Offshore shelf,100-200 ft depth,25-50 meter depth,Shelf (to 400 ft),Shelf (to 125 meter),Royalty/Tax,,"3/16, DK",Conventional,Conventional,Conventional
88,234859,27344,,2052,Open,"Open 2044 Rotliegend -  Northwest German North Sea 1 , DK",Northwest German,,Benign,"Full year humid, warm summer",Benign,2040,2045,2045,,Onshore,Onshore,Unknown,Unknown,Gas field,Gas field (CGR 0 Dry gas),Europe continental,,,"Northwest German Offshore , DK",Onshore,Unspecific (Other/Open/Relinquished),Open acreage,Not shale play,2055,2050,2058,Northwest German,Other Onshore,Land,Land,Land,Land,Royalty/Tax,2101,"Northwest German Offshore , DK",Unknown,Unknown,Unknown
89,280718,27337,,2031,Field,"Dan (redevelop), DK",Central Graben,,Benign,"Full year humid, warm summer",Benign,1970,1970,1971,,Steel platform,Fixed,Resources 30-100 MMboe,Resources 30-300 MMboe,Oil field,Oil field (Gas-Oil-Ratio 0%),Europe continental,,,"Sole Concession of 1962, DK",Offshore,Major,TotalEnergies,Not shale play,2030,2030,2033,Central Graben,Offshore shelf,100-200 ft depth,25-50 meter depth,Shelf (to 400 ft),Shelf (to 125 meter),Royalty/Tax,2055,"Dan, DK",Conventional,Conventional,Conventional
90,32556,27337,,1981,Field,"Tyra, DK",Central Graben,,Benign,"Full year humid, warm summer",Benign,1960,1965,1968,,Steel platform,Fixed,Resources 300-1000 MMboe,Resources 300-1000 MMboe,Gas-Condensate field,Gas-Condensate field (CGR 20+ bbl/MMcf),Europe continental,,,"Sole Concession of 1962, DK",Offshore,Major,TotalEnergies,Not shale play,1980,1980,1984,Central Graben,Offshore shelf,100-200 ft depth,25-50 meter depth,Shelf (to 400 ft),Shelf (to 125 meter),Royalty/Tax,2019,"Tyra, DK",Conventional,Conventional,Conventional
91,32580,27337,,2034,Field,"Alma (Alma-1X:5505/17-10), DK",Central Graben,,Benign,"Full year humid, warm summer",Benign,1990,1990,1990,,Steel platform,Fixed,Resources 3-10 MMboe,Resources below 30 MMboe,Oil field,Oil field (Sour),Europe continental,,,"Sole Concession of 1962, DK",Offshore,Major,TotalEnergies,Not shale play,2035,2030,2036,Central Graben,Offshore shelf,100-200 ft depth,25-50 meter depth,Shelf (to 400 ft),Shelf (to 125 meter),Royalty/Tax,2053,"Alma, DK",Conventional,Conventional,Conventional
92,32582,27325,,2026,Field,"Amalie (Amalie-1:5604/26-02), DK",Central Graben,,Benign,"Full year humid, warm summer",Benign,1990,1990,1991,,Steel platform,Fixed,Resources 10-30 MMboe,Resources below 30 MMboe,Gas-Condensate field,Gas-Condensate field (CGR 20+ bbl/MMcf),Europe continental,,,"07/86 (Amalie), DK",Offshore,Independent,Wintershall Dea,Not shale play,2025,2020,2028,Sogne,Offshore shelf,200-300 ft depth,50-75 meter depth,Shelf (to 400 ft),Shelf (to 125 meter),Royalty/Tax,2050,"Amalie, DK",Conventional,Conventional,Conventional
93,32616,27356,,2100,License relinquished,"08/98, DK",Danish Norwegian,,Benign,"Full year humid, warm summer",Benign,2100,2100,2100,,Steel platform,Fixed,Resources 0-1 MMboe,Resources below 30 MMboe,Other,Other,Europe continental,,,"08/98, DK",Offshore,Unspecific (Other/Open/Relinquished),Relinquished,Not shale play,2100,2100,2100,Danish Norwegian,Offshore shelf,100-200 ft depth,50-75 meter depth,Shelf (to 400 ft),Shelf (to 125 meter),Royalty/Tax,,"08/98, DK",Unknown,Unknown,Unknown
94,32619,27347,,2027,License,"6/95 (West Siri), DK",Danish Norwegian,,Benign,"Full year humid, warm summer",Benign,2020,2020,2022,,Steel platform,Fixed,Resources 0-1 MMboe,Resources below 30 MMboe,Oil field,Oil field (Gas-Oil-Ratio 80-160%),Europe continental,,,"06/95 (Siri), DK",Offshore,Industrial,Ineos Group,Not shale play,2030,2030,2032,Aasta Graben,Offshore shelf,200-300 ft depth,50-75 meter depth,Shelf (to 400 ft),Shelf (to 125 meter),Royalty/Tax,2040,"06/95 (West Siri), DK",Conventional,Conventional,Conventional
95,194791,51831,,2042,License,"5603/27, 28 (Gert), DK",Central Graben,,Benign,"Full year humid, warm summer",Benign,2020,2020,2023,,Steel platform,Fixed,Resources 3-10 MMboe,Resources below 30 MMboe,Oil field,Oil field (Gas-Oil-Ratio 40-80%),Europe continental,,,"Sole Concession of 1962, DK",Offshore,Major,TotalEnergies,Not shale play,2040,2040,2043,Sogne,Offshore shelf,100-200 ft depth,50-75 meter depth,Shelf (to 400 ft),Shelf (to 125 meter),Royalty/Tax,2057,"Gert (5603/27, 28), DK",Conventional,Conventional,Conventional
96,237729,27330,,2023,Field,"Hejre (redevelop), DK",Central Graben,,Benign,"Full year humid, warm summer",Benign,2000,2000,2001,,Steel platform,Fixed,Resources 100-300 MMboe,Resources 30-300 MMboe,Oil field,Oil field (Sour),Europe continental,,,"05/98 (Hejre), DK",Offshore,Industrial,Ineos Group,Not shale play,2025,2020,2026,Central Graben,Offshore shelf,200-300 ft depth,50-75 meter depth,Shelf (to 400 ft),Shelf (to 125 meter),Royalty/Tax,2049,"Hejre, DK",Conventional,Conventional,Conventional
97,32581,27341,,2000,Field,"Tyra South East, DK",Central Graben,,Benign,"Full year humid, warm summer",Benign,1990,1990,1991,,Steel platform,Fixed,Resources 100-300 MMboe,Resources 30-300 MMboe,Gas-Condensate field,Gas-Condensate field (CGR 20+ bbl/MMcf),Europe continental,,,"Sole Concession of 1962, DK",Offshore,Major,TotalEnergies,Not shale play,2000,2000,2002,Central Graben,Offshore shelf,100-200 ft depth,25-50 meter depth,Shelf (to 400 ft),Shelf (to 125 meter),Royalty/Tax,2019,"Tyra, DK",Conventional,Conventional,Conventional
98,32596,27330,,2012,Field,"Hejre (Original-abandoned), DK",Central Graben,,Benign,"Full year humid, warm summer",Benign,2000,2000,2001,,Steel platform,Fixed,Unknown,Unknown,Oil field,Oil field (Sour),Europe continental,,,"05/98 (Hejre), DK",Offshore,Industrial,Ineos Group,Not shale play,2015,2010,2016,Central Graben,Offshore shelf,200-300 ft depth,50-75 meter depth,Shelf (to 400 ft),Shelf (to 125 meter),Royalty/Tax,,"Hejre, DK",Unknown,Unknown,Unknown
99,32621,27322,,2029,License,"16/98 (Cecilie), DK",Danish Norwegian,,Benign,"Full year humid, warm summer",Benign,2020,2020,2023,,Steel platform,Fixed,Resources 1-3 MMboe,Resources below 30 MMboe,Oil field,Oil field (Gas-Oil-Ratio 40-80%),Europe continental,,,"16/98 (Cecilie), DK",Offshore,Industrial,Ineos Group,Not shale play,2040,2040,2041,Danish Norwegian,Offshore shelf,100-200 ft depth,50-75 meter depth,Shelf (to 400 ft),Shelf (to 125 meter),Royalty/Tax,2050,"16/98 (Cecilie), DK",Conventional,Conventional,Conventional
100,32566,27337,,2028,Field,"Adda (Adda-1:5504/08-01), DK",Central Graben,,Benign,"Full year humid, warm summer",Benign,1970,1975,1977,,Steel platform,Fixed,Resources 30-100 MMboe,Resources 30-300 MMboe,Gas-Condensate field,Gas-Condensate field (CGR 20+ bbl/MMcf),Europe continental,,,"Sole Concession of 1962, DK",Offshore,Major,TotalEnergies,Not shale play,2025,2020,2029,Central Graben,Offshore shelf,100-200 ft depth,25-50 meter depth,Shelf (to 400 ft),Shelf (to 125 meter),Royalty/Tax,2052,"Adda, DK",Conventional,Conventional,Conventional
101,32636,27331,,2100,License relinquished,"03/06, DK",Central Graben,,Benign,"Full year humid, warm summer",Benign,2100,2100,2100,,Steel platform,Fixed,Resources 0-1 MMboe,Resources below 30 MMboe,Other,Other,Europe continental,,,"03/06, DK",Offshore,Unspecific (Other/Open/Relinquished),Relinquished,Not shale play,2100,2100,2100,Central Graben,Offshore shelf,100-200 ft depth,50-75 meter depth,Shelf (to 400 ft),Shelf (to 125 meter),Royalty/Tax,,"03/06, DK",Unknown,Unknown,Unknown
102,32642,27325,,2100,License relinquished,"07/86 (Amalie), DK",Central Graben,,Benign,"Full year humid, warm summer",Benign,2100,2100,2100,,Steel platform,Fixed,Resources 0-1 MMboe,Resources below 30 MMboe,Other,Other,Europe continental,,,"07/86 (Amalie), DK",Offshore,Unspecific (Other/Open/Relinquished),Relinquished,Not shale play,2100,2100,2100,Sogne,Offshore shelf,200-300 ft depth,50-75 meter depth,Shelf (to 400 ft),Shelf (to 125 meter),Royalty/Tax,,"07/86 (Amalie), DK",Conventional,Conventional,Conventional
103,105465,38393,,2100,License relinquished,"01/08, DK",Northwest German,,Benign,"Full year humid, warm summer",Benign,2100,2100,2100,,Steel platform,Fixed,Resources 0-1 MMboe,Resources below 30 MMboe,Other,Other,Europe continental,,,"01/08, DK",Offshore,Unspecific (Other/Open/Relinquished),Relinquished,Not shale play,2100,2100,2100,Northwest German,Offshore shelf,0-100 ft depth,0-25 meter depth,Shelf (to 400 ft),Shelf (to 125 meter),Royalty/Tax,,"Danica Resources Project, DK",Conventional,Conventional,Conventional
104,204424,55132,,2100,License Relinquished,"01/35, DK",Norwegian - Danish,,Benign,"Full year humid, warm summer",Benign,2100,2100,2100,,Onshore,Onshore,Resources 0-1 MMboe,Resources below 30 MMboe,Other,Other,Local market,,,"01/35, DK",Onshore,Unspecific (Other/Open/Relinquished),Relinquished,Not shale play,2100,2100,2100,Norwegian - Danish,Other Onshore,Land,Land,Land,Land,Royalty/Tax,,"01/35, DK",Unknown,Unknown,Unknown
105,204432,55140,,2100,License Relinquished,"07/84, DK",Danish Norwegian,,Benign,"Full year humid, warm summer",Benign,2100,2100,2100,,Onshore,Onshore,Resources 0-1 MMboe,Resources below 30 MMboe,Other,Other,Local market,,,"07/84, DK",Onshore,Unspecific (Other/Open/Relinquished),Relinquished,Not shale play,2100,2100,2100,Danish Norwegian,Other Onshore,Land,Land,Land,Land,Royalty/Tax,,"07/84, DK",Unknown,Unknown,Unknown
106,204453,55161,,2100,License Relinquished,"04/97, DK",Norwegian - Danish,,Benign,"Full year humid, warm summer",Benign,2100,2100,2100,,Steel platform,Fixed,Resources 0-1 MMboe,Resources below 30 MMboe,Other,Other,Local market,,,"04/97, DK",Offshore,Unspecific (Other/Open/Relinquished),Relinquished,Not shale play,2100,2100,2100,Norwegian - Danish,Offshore shelf,0-100 ft depth,0-25 meter depth,Shelf (to 400 ft),Shelf (to 125 meter),Royalty/Tax,,"04/97, DK",Unknown,Unknown,Unknown
107,238910,60741,,2025,License,"4/16, DK",Central Graben,,Benign,"Full year humid, warm summer",Benign,2020,2025,2025,,Steel platform,Fixed,Resources 1-3 MMboe,Resources below 30 MMboe,Oil field,Oil field (Gas-Oil-Ratio 40-80%),Europe continental,,,"4/16, DK",Offshore,INOC,KNOC/Dana,Not shale play,2045,2040,2045,Central Graben,Offshore shelf,100-200 ft depth,25-50 meter depth,Shelf (to 400 ft),Shelf (to 125 meter),Royalty/Tax,2056,"4/16, DK",Conventional,Conventional,Conventional
108,238912,60743,,2100,License relinquished,"6/16, DK",Central Graben,,Benign,"Full year humid, warm summer",Benign,2100,2100,2100,,Steel platform,Fixed,Resources 10-30 MMboe,Resources below 30 MMboe,Other,Other,Europe continental,,,"6/16, DK",Offshore,Unspecific (Other/Open/Relinquished),Relinquished,Not shale play,2100,2100,2100,Central Graben,Offshore shelf,100-200 ft depth,50-75 meter depth,Shelf (to 400 ft),Shelf (to 125 meter),Royalty/Tax,2061,"6/16, DK",Conventional,Conventional,Conventional
109,32598,27351,,2025,Field,"Sofie, DK",Danish Norwegian,,Benign,"Full year humid, warm summer",Benign,2000,2000,2003,,Subsea tie back,Subsea tie back,Resources 0-1 MMboe,Resources below 30 MMboe,Oil field,Oil field (Gas-Oil-Ratio 01-05%),Europe continental,,,"06/95 (Sofie), DK",Offshore,Industrial,Ineos Group,Not shale play,2025,2020,2026,Aasta Graben,Offshore shelf,100-200 ft depth,50-75 meter depth,Shelf (to 400 ft),Shelf (to 125 meter),Royalty/Tax,2033,"Sofie, DK",Conventional,Conventional,Conventional
110,32604,27341,,2023,Field,"Bo South (Bo-3X), DK",Central Graben,,Benign,"Full year humid, warm summer",Benign,2000,2005,2008,,Extended reach,Fixed,Resources 30-100 MMboe,Resources 30-300 MMboe,Oil field,Oil field (Sour),Europe continental,,,"Tyra South East, DK",Offshore,Major,TotalEnergies,Not shale play,2025,2020,2025,Central Graben,Offshore shelf,100-200 ft depth,25-50 meter depth,Shelf (to 400 ft),Shelf (to 125 meter),Royalty/Tax,2039,"Bo South (Bo-3X), DK",Conventional,Conventional,Conventional
111,108690,39817,,2100,License relinquished,"02/10, DK",Skagerrak - Kattegat,,Benign,"Full year humid, warm summer",Benign,2100,2100,2100,,Onshore,Onshore,Resources 0-1 MMboe,Resources below 30 MMboe,Other,Other,Europe continental,,,"02/10, DK",Onshore,Unspecific (Other/Open/Relinquished),Relinquished,"Alum Shale, DK",2100,2100,2100,Skagerrak - Kattegat,Shale/Tight oil,Land,Land,Land,Land,Royalty/Tax,,"Alum Shale, DK",Unconventional gas,Shale gas plays,Unconventional
112,280717,27337,,2032,Field,"Gorm (redevelop), DK",Central Graben,,Benign,"Full year humid, warm summer",Benign,1970,1970,1971,,Steel platform,Fixed,Resources 3-10 MMboe,Resources below 30 MMboe,Oil field,Oil field (Gas-Oil-Ratio 0%),Europe continental,,,"Sole Concession of 1962, DK",Offshore,Major,TotalEnergies,Not shale play,2030,2030,2034,Central Graben,Offshore shelf,100-200 ft depth,25-50 meter depth,Shelf (to 400 ft),Shelf (to 125 meter),Royalty/Tax,2047,"Gorm, DK",Conventional,Conventional,Conventional
113,10000101,34624,,,Cost,"Other Partners_Denmark_(0-25 meter depth), DK",Unknown,,Unknown,Unknown,Unknown,,,,,,,Unknown,Unknown,Other,Other,Local market,,,"Other Partners_Denmark_(0-25 meter depth), DK",Offshore,Unspecific (Other/Open/Relinquished),Other partner(s),Not shale play,,,,Unknown,Offshore shelf,Unknown,0-25 meter depth,Unknown,Shelf (to 125 meter),Unknown,,Unknown,,,
114,32628,27304,,2100,License relinquished,"07/95, DK",Central Graben,,Benign,"Full year humid, warm summer",Benign,2100,2100,2100,,Steel platform,Fixed,Resources 0-1 MMboe,Resources below 30 MMboe,Other,Other,Europe continental,,,"07/95, DK",Offshore,Unspecific (Other/Open/Relinquished),Relinquished,Not shale play,2100,2100,2100,Central Graben,Offshore shelf,100-200 ft depth,25-50 meter depth,Shelf (to 400 ft),Shelf (to 125 meter),Royalty/Tax,,"07/95, DK",Unknown,Unknown,Unknown
115,32638,27353,,2032,License,"4/95 (Nini), DK",Danish Norwegian,,Benign,"Full year humid, warm summer",Benign,2030,2030,2032,,Steel platform,Fixed,Resources 3-10 MMboe,Resources below 30 MMboe,Oil field,Oil field (Gas-Oil-Ratio 40-80%),Europe continental,,,"04/95 (Nini), DK",Offshore,Industrial,Ineos Group,Not shale play,2045,2040,2045,Danish Norwegian,Offshore shelf,100-200 ft depth,50-75 meter depth,Shelf (to 400 ft),Shelf (to 125 meter),Royalty/Tax,2058,"04/95 (Nini), DK",Conventional,Conventional,Conventional
116,32646,27313,,2100,License relinquished,"04/06a (Northeastern), DK",Central Graben,,Benign,"Full year humid, warm summer",Benign,2100,2100,2100,,Steel platform,Fixed,Resources 0-1 MMboe,Resources below 30 MMboe,Other,Other,Europe continental,,,"04/06a (Northeastern), DK",Offshore,Unspecific (Other/Open/Relinquished),Relinquished,Not shale play,2100,2100,2100,Central Graben,Offshore shelf,100-200 ft depth,50-75 meter depth,Shelf (to 400 ft),Shelf (to 125 meter),Royalty/Tax,,"04/06a (Northeastern), DK",Conventional,Conventional,Conventional
117,194789,51829,,2030,License,"8/06 Area B, DK",Central Graben,,Benign,"Full year humid, warm summer",Benign,2020,2020,2023,,Steel platform,Fixed,Resources 10-30 MMboe,Resources below 30 MMboe,Oil field,Oil field (Gas-Oil-Ratio 40-80%),Europe continental,,,"8/06 Area B, DK",Offshore,Major,TotalEnergies,Not shale play,2035,2030,2035,Central Graben,Offshore shelf,100-200 ft depth,25-50 meter depth,Shelf (to 400 ft),Shelf (to 125 meter),Royalty/Tax,2053,"8/06 Area B, DK",Conventional,Conventional,Conventional
118,194787,51827,,2100,License relinquished,"01/12, DK",Danish Norwegian,,Benign,"Full year humid, warm summer",Benign,2100,2100,2100,,Steel platform,Fixed,Resources 0-1 MMboe,Resources below 30 MMboe,Other,Other,Europe continental,,,"01/12, DK",Offshore,Unspecific (Other/Open/Relinquished),Relinquished,Not shale play,2100,2100,2100,Danish Norwegian,Offshore shelf,100-200 ft depth,50-75 meter depth,Shelf (to 400 ft),Shelf (to 125 meter),Royalty/Tax,,"01/12, DK",Conventional,Conventional,Conventional
119,10000105,34624,,,Cost,"Other Partners_Denmark_(Land), DK",Unknown,,Unknown,Unknown,Unknown,,,,,Onshore,Onshore,Unknown,Unknown,Other,Other,Local market,,,"Other Partners_Denmark_(Land), DK",Onshore,Unspecific (Other/Open/Relinquished),Other partner(s),Not shale play,,,,Unknown,Other Onshore,Unknown,Land,Unknown,Land,Unknown,,Unknown,,,
120,238908,60739,,2025,License,"2/16, DK",Central Graben,,Benign,"Full year humid, warm summer",Benign,2020,2020,2023,,Steel platform,Fixed,Resources 3-10 MMboe,Resources below 30 MMboe,Oil field,Oil field (Gas-Oil-Ratio 40-80%),Europe continental,,,"2/16, DK",Offshore,Independent,Wintershall Dea,Not shale play,2030,2030,2031,Central Graben,Offshore shelf,100-200 ft depth,50-75 meter depth,Shelf (to 400 ft),Shelf (to 125 meter),Royalty/Tax,2047,"2/16, DK",Conventional,Conventional,Conventional
121,204445,55153,,2100,License Relinquished,"01/89, DK",Central Graben,,Benign,"Full year humid, warm summer",Benign,2100,2100,2100,,Steel platform,Fixed,Resources 0-1 MMboe,Resources below 30 MMboe,Other,Other,Local market,,,"01/89, DK",Offshore,Unspecific (Other/Open/Relinquished),Relinquished,Not shale play,2100,2100,2100,Central Graben,Offshore shelf,100-200 ft depth,25-50 meter depth,Shelf (to 400 ft),Shelf (to 125 meter),Royalty/Tax,,"01/89, DK",Unknown,Unknown,Unknown
122,194788,51827,,2100,License relinquished,"01/13, DK",Danish Norwegian,,Benign,"Full year humid, warm summer",Benign,2100,2100,2100,,Steel platform,Fixed,Resources 0-1 MMboe,Resources below 30 MMboe,Other,Other,Europe continental,,,"01/12, DK",Offshore,Unspecific (Other/Open/Relinquished),Relinquished,Not shale play,2100,2100,2100,Danish Norwegian,Offshore shelf,100-200 ft depth,50-75 meter depth,Shelf (to 400 ft),Shelf (to 125 meter),Royalty/Tax,,"01/13, DK",Conventional,Conventional,Conventional
123,204430,55138,,2100,License Relinquished,"04/84, DK",Skagerrak - Kattegat,,Benign,"Full year humid, warm summer",Benign,2100,2100,2100,,Steel platform,Fixed,Resources 0-1 MMboe,Resources below 30 MMboe,Other,Other,Local market,,,"04/84, DK",Offshore,Unspecific (Other/Open/Relinquished),Relinquished,Not shale play,2100,2100,2100,Skagerrak - Kattegat,Offshore shelf,0-100 ft depth,0-25 meter depth,Shelf (to 400 ft),Shelf (to 125 meter),Royalty/Tax,,"04/84, DK",Unknown,Unknown,Unknown
124,10000102,34624,,,Cost,"Other Partners_Denmark_(25-50 meter depth), DK",Unknown,,Unknown,Unknown,Unknown,,,,,,,Unknown,Unknown,Other,Other,Local market,,,"Other Partners_Denmark_(25-50 meter depth), DK",Offshore,Unspecific (Other/Open/Relinquished),Other partner(s),Not shale play,,,,Unknown,Offshore shelf,Unknown,25-50 meter depth,Unknown,Shelf (to 125 meter),Unknown,,Unknown,,,
125,204442,55150,,2100,License Relinquished,"01/86, DK",Central Graben,,Benign,"Full year humid, warm summer",Benign,2100,2100,2100,,Steel platform,Fixed,Resources 0-1 MMboe,Resources below 30 MMboe,Other,Other,Local market,,,"01/86, DK",Offshore,Unspecific (Other/Open/Relinquished),Relinquished,Not shale play,2100,2100,2100,Central Graben,Offshore shelf,100-200 ft depth,50-75 meter depth,Shelf (to 400 ft),Shelf (to 125 meter),Royalty/Tax,,"01/86, DK",Unknown,Unknown,Unknown
126,32558,27337,,1994,Field,"Roar, DK",Central Graben,,Benign,"Full year humid, warm summer",Benign,1960,1965,1969,,Steel platform,Fixed,Resources 100-300 MMboe,Resources 30-300 MMboe,Gas-Condensate field,Gas-Condensate field (CGR 20+ bbl/MMcf),Europe continental,,,"Sole Concession of 1962, DK",Offshore,Major,TotalEnergies,Not shale play,1995,1990,1996,Central Graben,Offshore shelf,100-200 ft depth,25-50 meter depth,Shelf (to 400 ft),Shelf (to 125 meter),Royalty/Tax,2033,"Tyra, DK",Conventional,Conventional,Conventional
127,32567,27337,,1991,Field,"Valdemar, DK",Central Graben,,Benign,"Full year humid, warm summer",Benign,1970,1975,1977,,Steel platform,Fixed,Resources 100-300 MMboe,Resources 30-300 MMboe,Oil field,Oil field (Gas-Oil-Ratio 40-80%),Europe continental,,,"Sole Concession of 1962, DK",Offshore,Major,TotalEnergies,Not shale play,1990,1990,1993,Central Graben,Offshore shelf,100-200 ft depth,25-50 meter depth,Shelf (to 400 ft),Shelf (to 125 meter),Royalty/Tax,2037,"Tyra, DK",Conventional,Conventional,Conventional
128,32572,27314,,1985,Field,"Rolf, DK",Central Graben,,Benign,"Full year humid, warm summer",Benign,1980,1980,1981,,Steel platform,Fixed,Resources 30-100 MMboe,Resources 30-300 MMboe,Oil field,Oil field (Gas-Oil-Ratio 01-05%),Europe continental,,,"Sole Concession of 1962, DK",Offshore,Major,TotalEnergies,Not shale play,1985,1980,1986,Central Graben,Offshore shelf,100-200 ft depth,25-50 meter depth,Shelf (to 400 ft),Shelf (to 125 meter),Royalty/Tax,2029,"Gorm, DK",Conventional,Conventional,Conventional
129,32609,27345,,2100,License relinquished,"05/99, DK",Central Graben,,Benign,"Full year humid, warm summer",Benign,2100,2100,2100,,Steel platform,Fixed,Resources 0-1 MMboe,Resources below 30 MMboe,Other,Other,Europe continental,,,"05/99, DK",Offshore,Unspecific (Other/Open/Relinquished),Relinquished,Not shale play,2100,2100,2100,Central Graben,Offshore shelf,100-200 ft depth,25-50 meter depth,Shelf (to 400 ft),Shelf (to 125 meter),Royalty/Tax,,"05/99, DK",Unknown,Unknown,Unknown
130,32631,27312,,2100,License relinquished,"11/06, DK",Central Graben,,Benign,"Full year humid, warm summer",Benign,2100,2100,2100,,Steel platform,Fixed,Resources 0-1 MMboe,Resources below 30 MMboe,Other,Other,Europe continental,,,"11/06, DK",Offshore,Unspecific (Other/Open/Relinquished),Relinquished,Not shale play,2100,2100,2100,Central Graben,Offshore shelf,100-200 ft depth,50-75 meter depth,Shelf (to 400 ft),Shelf (to 125 meter),Royalty/Tax,,"11/06, DK",Unknown,Unknown,Unknown
131,32643,27362,,2100,License relinquished,"12/98, DK",Central Graben,,Benign,"Full year humid, warm summer",Benign,2100,2100,2100,,Steel platform,Fixed,Resources 0-1 MMboe,Resources below 30 MMboe,Other,Other,Europe continental,,,"12/98, DK",Offshore,Unspecific (Other/Open/Relinquished),Relinquished,Not shale play,2100,2100,2100,Central Graben,Offshore shelf,100-200 ft depth,25-50 meter depth,Shelf (to 400 ft),Shelf (to 125 meter),Royalty/Tax,,"12/98, DK",Unknown,Unknown,Unknown
132,32597,27328,,2030,Field,"Svane 1A (Svane-1:560426-04), DK",Central Graben,,Benign,"Full year humid, warm summer",Benign,2000,2000,2002,,Other offshore,Fixed,Resources 30-100 MMboe,Resources 30-300 MMboe,Gas-Condensate field,Gas-Condensate field (CGR 20+ bbl/MMcf),Europe continental,,,"04/98 (Svane 1A), DK",Offshore,Unspecific (Other/Open/Relinquished),Relinquished,Not shale play,2035,2030,2035,Central Graben,Offshore shelf,200-300 ft depth,50-75 meter depth,Shelf (to 400 ft),Shelf (to 125 meter),Royalty/Tax,2057,"Svane 1A, DK",Conventional,Conventional,Conventional
133,32626,27321,,2100,License relinquished,"8/06, area A, DK",Central Graben,,Benign,"Full year humid, warm summer",Benign,2100,2100,2100,,Steel platform,Fixed,Resources 0-1 MMboe,Resources below 30 MMboe,Other,Other,Europe continental,,,"08/06, DK",Offshore,Unspecific (Other/Open/Relinquished),Relinquished,Not shale play,2100,2100,2100,Central Graben,Offshore shelf,100-200 ft depth,50-75 meter depth,Shelf (to 400 ft),Shelf (to 125 meter),Royalty/Tax,,"08/06, DK",Conventional,Conventional,Conventional
134,32634,27339,,2100,License relinquished,"01/05, DK",Norwegian - Danish,,Benign,"Full year humid, warm summer",Benign,2100,2100,2100,,Onshore,Onshore,Resources 0-1 MMboe,Resources below 30 MMboe,Other,Other,Europe continental,,,"01/05, DK",Onshore,Unspecific (Other/Open/Relinquished),Relinquished,Not shale play,2100,2100,2100,Norwegian - Danish,Other Onshore,Land,Land,Land,Land,Royalty/Tax,,"01/05, DK",Conventional,Conventional,Conventional
135,32644,27333,,2100,License relinquished,"Syd Tor Pod (02/06), DK",Central Graben,,Benign,"Full year humid, warm summer",Benign,2100,2100,2100,,Steel platform,Fixed,Resources 0-1 MMboe,Resources below 30 MMboe,Other,Other,Europe continental,,,"02/06, DK",Offshore,Unspecific (Other/Open/Relinquished),Relinquished,Not shale play,2100,2100,2100,Central Graben,Offshore shelf,100-200 ft depth,50-75 meter depth,Shelf (to 400 ft),Shelf (to 125 meter),Royalty/Tax,,"Syd Tor Pod (02/06), DK",Conventional,Conventional,Conventional
136,89094,27336,,1984,Industry,"Refinery gains, DK",Norwegian - Danish,,Benign,"Full year humid, warm summer",Benign,1980,1980,1983,,Onshore,Onshore,Unknown,Unknown,Other,Other,Europe continental,,,,Onshore,Unspecific (Other/Open/Relinquished),Refinery Gains,Not shale play,1985,1980,1985,Norwegian - Danish,Other Onshore,Land,Land,Land,Land,Royalty/Tax,2100,"Refinery gains, DK",Other Liquids,Other Liquids,Other Liquids
137,204435,55143,,2100,License Relinquished,"08/86, DK",Soregnefrei-Tornquist Fault Complex,,Benign,"Full year humid, warm summer",Benign,2100,2100,2100,,Steel platform,Fixed,Resources 0-1 MMboe,Resources below 30 MMboe,Other,Other,Local market,,,"08/86, DK",Offshore,Unspecific (Other/Open/Relinquished),Relinquished,Not shale play,2100,2100,2100,Soregnefrei-Tornquist Fault Complex,Offshore shelf,200-300 ft depth,75-100 meter depth,Shelf (to 400 ft),Shelf (to 125 meter),Royalty/Tax,,"08/86, DK",Unknown,Unknown,Unknown
138,32649,27317,,2046,License,"1/06, DK",Central Graben,,Benign,"Full year humid, warm summer",Benign,2040,2040,2040,,Steel platform,Fixed,Resources 1-3 MMboe,Resources below 30 MMboe,Oil field,Oil field (Sour),Europe continental,,,"01/06, DK",Offshore,Industrial,Ineos Group,Not shale play,2050,2050,2052,Central Graben,Offshore shelf,100-200 ft depth,50-75 meter depth,Shelf (to 400 ft),Shelf (to 125 meter),Royalty/Tax,2063,"01/06, DK",Conventional,Conventional,Conventional
139,32623,27326,,2026,License,"5/06, DK",Central Graben,,Benign,"Full year humid, warm summer",Benign,2020,2020,2023,,Steel platform,Fixed,Resources 3-10 MMboe,Resources below 30 MMboe,Oil field,Oil field (Sour),Europe continental,,,"5/06, DK",Offshore,Independent,Wintershall Dea,Not shale play,2040,2040,2041,Central Graben,Offshore shelf,100-200 ft depth,50-75 meter depth,Shelf (to 400 ft),Shelf (to 125 meter),Royalty/Tax,2057,"05/06, DK",Conventional,Conventional,Conventional
140,32635,27309,,2100,License relinquished,"15/98, DK",Central Graben,,Benign,"Full year humid, warm summer",Benign,2100,2100,2100,,Steel platform,Fixed,Resources 0-1 MMboe,Resources below 30 MMboe,Other,Other,Europe continental,,,"15/98, DK",Offshore,Unspecific (Other/Open/Relinquished),Relinquished,Not shale play,2100,2100,2100,Central Graben,Offshore shelf,200-300 ft depth,50-75 meter depth,Shelf (to 400 ft),Shelf (to 125 meter),Royalty/Tax,,"15/98, DK",Unknown,Unknown,Unknown
141,97385,27308,,2031,Field,"Gita (Gita-1X:5604/22-05), DK",Danish Norwegian,,Benign,"Full year humid, warm summer",Benign,2000,2005,2009,,Steel platform,Fixed,Resources 3-10 MMboe,Resources below 30 MMboe,Gas-Condensate field,Gas-Condensate field (CGR 20+ bbl/MMcf),Europe continental,,,"09/95, DK",Offshore,Unspecific (Other/Open/Relinquished),Relinquished,Not shale play,2030,2030,2033,Aasta Graben,Offshore shelf,100-200 ft depth,25-50 meter depth,Shelf (to 400 ft),Shelf (to 125 meter),Royalty/Tax,2055,"Gita, DK",Conventional,Conventional,Conventional
142,105469,38391,,2100,License relinquished,"02/09, DK",Danish Norwegian,,Benign,"Full year humid, warm summer",Benign,2100,2100,2100,,Onshore,Onshore,Resources 0-1 MMboe,Resources below 30 MMboe,Other,Other,Europe continental,,,"02/09, DK",Onshore,Unspecific (Other/Open/Relinquished),Relinquished,Not shale play,2100,2100,2100,Danish Norwegian,Other Onshore,Land,Land,Land,Land,Royalty/Tax,,"Danica Jutland Project, DK",Conventional,Conventional,Conventional
143,204427,55135,,2100,License Relinquished,"08/84, DK",Central Graben,,Benign,"Full year humid, warm summer",Benign,2100,2100,2100,,Steel platform,Fixed,Resources 0-1 MMboe,Resources below 30 MMboe,Other,Other,Local market,,,"08/84, DK",Offshore,Unspecific (Other/Open/Relinquished),Relinquished,Not shale play,2100,2100,2100,Central Graben,Offshore shelf,100-200 ft depth,50-75 meter depth,Shelf (to 400 ft),Shelf (to 125 meter),Royalty/Tax,,"08/84, DK",Unknown,Unknown,Unknown
144,204450,55158,,2100,License Relinquished,"03/95, DK",Danish Norwegian,,Benign,"Full year humid, warm summer",Benign,2100,2100,2100,,Steel platform,Fixed,Resources 0-1 MMboe,Resources below 30 MMboe,Other,Other,Local market,,,"03/95, DK",Offshore,Unspecific (Other/Open/Relinquished),Relinquished,Not shale play,2100,2100,2100,Danish Norwegian,Offshore shelf,100-200 ft depth,50-75 meter depth,Shelf (to 400 ft),Shelf (to 125 meter),Royalty/Tax,,"03/95, DK",Unknown,Unknown,Unknown
145,32629,27354,,2100,License relinquished,"01/04, DK",Danish Norwegian,,Benign,"Full year humid, warm summer",Benign,2100,2100,2100,,Steel platform,Fixed,Resources 0-1 MMboe,Resources below 30 MMboe,Other,Other,Europe continental,,,"01/04, DK",Offshore,Unspecific (Other/Open/Relinquished),Relinquished,Not shale play,2100,2100,2100,Danish Norwegian,Offshore shelf,100-200 ft depth,50-75 meter depth,Shelf (to 400 ft),Shelf (to 125 meter),Royalty/Tax,,"01/04, DK",Unknown,Unknown,Unknown
146,32640,27328,,2100,License,"04/98 (Solsort field delineation), DK",Central Graben,,Benign,"Full year humid, warm summer",Benign,2100,2100,2100,,Steel platform,Fixed,Resources 1-3 MMboe,Resources below 30 MMboe,Oil field,Oil field (Sour),Europe continental,,,"04/98 (Svane 1A), DK",Offshore,Industrial,Ineos Group,Not shale play,2100,2100,2100,Central Graben,Offshore shelf,200-300 ft depth,50-75 meter depth,Shelf (to 400 ft),Shelf (to 125 meter),Royalty/Tax,2101,"04/98 (Svane 1A), DK",Conventional,Conventional,Conventional
147,238907,60738,,2100,license relinquished,"1/16, DK",Central Graben,,Benign,"Full year humid, warm summer",Benign,2100,2100,2100,,Steel platform,Fixed,Resources 0-1 MMboe,Resources below 30 MMboe,Other,Other,Europe continental,,,"1/16, DK",Offshore,Unspecific (Other/Open/Relinquished),Relinquished,Not shale play,2100,2100,2100,Central Graben,Offshore shelf,100-200 ft depth,25-50 meter depth,Shelf (to 400 ft),Shelf (to 125 meter),Royalty/Tax,,"1/16, DK",Conventional,Conventional,Conventional
148,238913,60744,,2100,License relinquished,"8/16, DK",Central Graben,,Benign,"Full year humid, warm summer",Benign,2100,2100,2100,,Steel platform,Fixed,Resources 0-1 MMboe,Resources below 30 MMboe,Other,Other,Europe continental,,,"8/16, DK",Offshore,Unspecific (Other/Open/Relinquished),Relinquished,Not shale play,2100,2100,2100,Central Graben,Offshore shelf,100-200 ft depth,50-75 meter depth,Shelf (to 400 ft),Shelf (to 125 meter),Royalty/Tax,,"8/16, DK",Conventional,Conventional,Conventional
149,204439,55147,,2100,License Relinquished,"05/86, DK",Mid-Polish Trough,,Benign,"Full year humid, warm summer",Benign,2100,2100,2100,,Steel platform,Fixed,Resources 0-1 MMboe,Resources below 30 MMboe,Other,Other,Local market,,,"05/86, DK",Offshore,Unspecific (Other/Open/Relinquished),Relinquished,Not shale play,2100,2100,2100,Mid-Polish Trough,Offshore shelf,100-200 ft depth,25-50 meter depth,Shelf (to 400 ft),Shelf (to 125 meter),Royalty/Tax,,"05/86, DK",Unknown,Unknown,Unknown
150,207128,55608,,2100,License relinquished,"01/14, DK",Northwest German,,Benign,"Full year humid, warm summer",Benign,2100,2100,2100,,Onshore,Onshore,Resources 0-1 MMboe,Resources below 30 MMboe,Other,Other,Europe continental,,,"01/14, DK",Onshore,Unspecific (Other/Open/Relinquished),Relinquished,Not shale play,2100,2100,2100,Northwest German,Other Onshore,Land,Land,Land,Land,Royalty/Tax,,"01/14, DK",Conventional,Conventional,Conventional
151,32614,27337,,2042,License,"Contiguous Area (Dan), DK",Central Graben,,Benign,"Full year humid, warm summer",Benign,2020,2020,2023,,Steel platform,Fixed,Resources 3-10 MMboe,Resources below 30 MMboe,Oil field,Oil field (Sour),Europe continental,,,"Sole Concession of 1962, DK",Offshore,Major,TotalEnergies,Not shale play,2040,2040,2043,Central Graben,Offshore shelf,100-200 ft depth,25-50 meter depth,Shelf (to 400 ft),Shelf (to 125 meter),Royalty/Tax,2057,"Dan, DK",Conventional,Conventional,Conventional
152,10000104,34624,,,Cost,"Other Partners_Denmark_(75-100 meter depth), DK",Unknown,,Unknown,Unknown,Unknown,,,,,,,Unknown,Unknown,Other,Other,Local market,,,"Other Partners_Denmark_(75-100 meter depth), DK",Offshore,Unspecific (Other/Open/Relinquished),Other partner(s),Not shale play,,,,Unknown,Offshore shelf,Unknown,75-100 meter depth,Unknown,Shelf (to 125 meter),Unknown,,Unknown,,,
153,105982,27321,,2027,Field,"Luke (Luke1X:5504/06-06), DK",Central Graben,,Benign,"Full year humid, warm summer",Benign,2010,2010,2010,,Steel platform,Fixed,Resources 10-30 MMboe,Resources below 30 MMboe,Gas-Condensate field,Gas-Condensate field (CGR 20+ bbl/MMcf),Europe continental,,,"08/06, DK",Offshore,Unspecific (Other/Open/Relinquished),Relinquished,Not shale play,2030,2030,2030,Central Graben,Offshore shelf,100-200 ft depth,25-50 meter depth,Shelf (to 400 ft),Shelf (to 125 meter),Royalty/Tax,2052,"Luke, DK",Conventional,Conventional,Conventional
154,204437,55145,,2100,License Relinquished,"09/86, DK",Northwest German,,Benign,"Full year humid, warm summer",Benign,2100,2100,2100,,Onshore,Onshore,Resources 0-1 MMboe,Resources below 30 MMboe,Other,Other,Local market,,,"09/86, DK",Onshore,Unspecific (Other/Open/Relinquished),Relinquished,Not shale play,2100,2100,2100,Northwest German,Other Onshore,Land,Land,Land,Land,Royalty/Tax,,"09/86, DK",Unknown,Unknown,Unknown
155,204451,55159,,2100,License Relinquished,"02/90, DK",Danish Norwegian,,Benign,"Full year humid, warm summer",Benign,2100,2100,2100,,Steel platform,Fixed,Resources 0-1 MMboe,Resources below 30 MMboe,Other,Other,Local market,,,"02/90, DK",Offshore,Unspecific (Other/Open/Relinquished),Relinquished,Not shale play,2100,2100,2100,Danish Norwegian,Offshore shelf,100-200 ft depth,50-75 meter depth,Shelf (to 400 ft),Shelf (to 125 meter),Royalty/Tax,,"02/90, DK",Unknown,Unknown,Unknown
156,238911,60742,,2100,License relinquished,"5/16, DK",Central Graben,,Benign,"Full year humid, warm summer",Benign,2100,2100,2100,,Steel platform,Fixed,Resources 0-1 MMboe,Resources below 30 MMboe,Other,Other,Europe continental,,,"5/16, DK",Offshore,Unspecific (Other/Open/Relinquished),Relinquished,Not shale play,2100,2100,2100,Central Graben,Offshore shelf,100-200 ft depth,25-50 meter depth,Shelf (to 400 ft),Shelf (to 125 meter),Royalty/Tax,,"5/16, DK",Conventional,Conventional,Conventional
157,204455,55163,,2100,License Relinquished,"08/06, DK",Central Graben,,Benign,"Full year humid, warm summer",Benign,2100,2100,2100,,Steel platform,Fixed,Resources 0-1 MMboe,Resources below 30 MMboe,Other,Other,Local market,,,"08/06, DK",Offshore,Unspecific (Other/Open/Relinquished),Relinquished,Not shale play,2100,2100,2100,Central Graben,Offshore shelf,100-200 ft depth,25-50 meter depth,Shelf (to 400 ft),Shelf (to 125 meter),Royalty/Tax,,"08/06, DK",Unknown,Unknown,Unknown
158,238710,60677,,2100,License relinquished,"7/16, DK",Central Graben,,Benign,"Full year humid, warm summer",Benign,2100,2100,2100,,Steel platform,Fixed,Resources 0-1 MMboe,Resources below 30 MMboe,Other,Other,Europe continental,,,"7/16, DK",Offshore,Unspecific (Other/Open/Relinquished),Relinquished,Not shale play,2100,2100,2100,Central Graben,Offshore shelf,100-200 ft depth,25-50 meter depth,Shelf (to 400 ft),Shelf (to 125 meter),Royalty/Tax,,"7/16, DK",Conventional,Conventional,Conventional
